Axis,Bulbasaur,Ivysaur,Venusaur,Charmander,Charmeleon,Charizard,Squirtle,Wartortle,Blastoise,Caterpie,Metapod,Butterfree,Weedle,Kakuna,Beedrill,Pidgey,Pidgeotto,Pidgeot,Rattata,Raticate,Spearow,Fearow,Ekans,Arbok,Pikachu,Raichu,Sandshrew,Sandslash,Nidoran,Nidorina,Nidoqueen,Nidoran,Nidorino,Nidoking,Clefairy,Clefable,Vulpix,Ninetales,Jigglypuff,Wigglytuff,Zubat,Golbat,Oddish,Gloom,Vileplume,Paras,Parasect,Venonat,Venomoth,Diglett,Dugtrio,Meowth,Persian,Psyduck,Golduck,Mankey,Primeape,Growlithe,Arcanine,Poliwag,Poliwhirl,Poliwrath,Abra,Kadabra,Alakazam,Machop,Machoke,Machamp,Bellsprout,Weepinbell,Victreebel,Tentacool,Tentacruel,Geodude,Graveler,Golem,Ponyta,Rapidash,Slowpoke,Slowbro,Magnemite,Magneton,Farfetch'd,Doduo,Dodrio,Seel,Dewgong,Grimer,Muk,Shellder,Cloyster,Gastly,Haunter,Gengar,Onix,Drowzee,Hypno,Krabby,Kingler,Voltorb,Electrode,Exeggcute,Exeggutor,Cubone,Marowak,Hitmonlee,Hitmonchan,Lickitung,Koffing,Weezing,Rhyhorn,Rhydon,Chansey,Tangela,Kangaskhan,Horsea,Seadra,Goldeen,Seaking,Staryu,Starmie,Mr. Mime,Scyther,Jynx,Electabuzz,Magmar,Pinsir,Tauros,Magikarp,Gyarados,Lapras,Ditto,Eevee,Vaporeon,Jolteon,Flareon,Porygon,Omanyte,Omastar,Kabuto,Kabutops,Aerodactyl,Snorlax,Articuno,Zapdos,Moltres,Dratini,Dragonair,Dragonite,Mewtwo,Mew,Chikorita,Bayleef,Meganium,Cyndaquil,Quilava,Typhlosion,Totodile,Croconaw,Feraligatr,Sentret,Furret,Hoothoot,Noctowl,Ledyba,Ledian,Spinarak,Ariados,Crobat,Chinchou,Lanturn,Pichu,Cleffa,Igglybuff,Togepi,Togetic,Natu,Xatu,Mareep,Flaaffy,Ampharos,Bellossom,Marill,Azumarill,Sudowoodo,Politoed,Hoppip,Skiploom,Jumpluff,Aipom,Sunkern,Sunflora,Yanma,Wooper,Quagsire,Espeon,Umbreon,Murkrow,Slowking,Misdreavus,Unown,Wobbuffet,Girafarig,Pineco,Forretress,Dunsparce,Gligar,Steelix,Snubbull,Granbull,Qwilfish,Scizor,Shuckle,Heracross,Sneasel,Teddiursa,Ursaring,Slugma,Magcargo,Swinub,Piloswine,Corsola,Remoraid,Octillery,Delibird,Mantine,Skarmory,Houndour,Houndoom,Kingdra,Phanpy,Donphan,Porygon2,Stantler,Smeargle,Tyrogue,Hitmontop,Smoochum,Elekid,Magby,Miltank,Blissey,Raikou,Entei,Suicune,Larvitar,Pupitar,Tyranitar,Lugia,Ho-oh,Celebi,Treecko,Grovyle,Sceptile,Torchic,Combusken,Blaziken,Mudkip,Marshtomp,Swampert,Poochyena,Mightyena,Zigzagoon,Linoone,Wurmple,Silcoon,Beautifly,Cascoon,Dustox,Lotad,Lombre,Ludicolo,Seedot,Nuzleaf,Shiftry,Taillow,Swellow,Wingull,Pelipper,Ralts,Kirlia,Gardevoir,Surskit,Masquerain,Shroomish,Breloom,Slakoth,Vigoroth,Slaking,Nincada,Ninjask,Shedinja,Whismur,Loudred,Exploud,Makuhita,Hariyama,Azurill,Nosepass,Skitty,Delcatty,Sableye,Mawile,Aron,Lairon,Aggron,Meditite,Medicham,Electrike,Manectric,Plusle,Minun,Volbeat,Illumise,Roselia,Gulpin,Swalot,Carvanha,Sharpedo,Wailmer,Wailord,Numel,Camerupt,Torkoal,Spoink,Grumpig,Spinda,Trapinch,Vibrava,Flygon,Cacnea,Cacturne,Swablu,Altaria,Zangoose,Seviper,Lunatone,Solrock,Barboach,Whiscash,Corphish,Crawdaunt,Baltoy,Claydol,Lileep,Cradily,Anorith,Armaldo,Feebas,Milotic,Castform,Kecleon,Shuppet,Banette,Duskull,Dusclops,Tropius,Chimecho,Absol,Wynaut,Snorunt,Glalie,Spheal,Sealeo,Walrein,Clamperl,Huntail,Gorebyss,Relicanth,Luvdisc,Bagon,Shelgon,Salamence,Beldum,Metang,Metagross,Regirock,Regice,Registeel,Latias,Latios,Kyogre,Groudon,Rayquaza,Jirachi,Deoxys,Turtwig,Grotle,Torterra,Chimchar,Monferno,Infernape,Piplup,Prinplup,Empoleon,Starly,Staravia,Staraptor,Bidoof,Bibarel,Kricketot,Kricketune,Shinx,Luxio,Luxray,Budew,Roserade,Cranidos,Rampardos,Shieldon,Bastiodon,Burmy,Mothim,Combee,Vespiquen,Pachirisu,Buizel,Floatzel,Cherubi,Cherrim,Shellos,Gastrodon,Ambipom,Drifloon,Drifblim,Buneary,Lopunny,Mismagius,Honchkrow,Glameow,Purugly,Chingling,Stunky,Skuntank,Bronzor,Bronzong,Bonsly,Mime Jr.,Happiny,Chatot,Spiritomb,Gible,Gabite,Garchomp,Munchlax,Riolu,Lucario,Hippopotas,Hippowdon,Skorupi,Drapion,Croagunk,Toxicroak,Carnivine,Finneon,Lumineon,Mantyke,Snover,Abomasnow,Weavile,Magnezone,Lickilicky,Rhyperior,Tangrowth,Electivire,Magmortar,Togekiss,Yanmega,Leafeon,Glaceon,Gliscor,Mamoswine,Porygon-Z,Gallade,Probopass,Dusknoir,Froslass,Rotom,Uxie,Mesprit,Azelf,Dialga,Palkia,Heatran,Regigigas,Giratina,Cresselia,Phione,Manaphy,Darkrai,Shaymin,Arceus,Victini,Snivy,Servine,Serperior,Tepig,Pignite,Emboar,Oshawott,Dewott,Samurott,Patrat,Watchog,Lillipup,Herdier,Stoutland,Purrloin,Liepard,Pansage,Simisage,Pansear,Simisear,Panpour,Simipour,Munna,Musharna,Pidove,Tranquill,Unfezant,Blitzle,Zebstrika,Roggenrola,Boldore,Gigalith,Woobat,Swoobat,Drilbur,Excadrill,Audino,Timburr,Gurdurr,Conkeldurr,Tympole,Palpitoad,Seismitoad,Throh,Sawk,Sewaddle,Swadloon,Leavanny,Venipede,Whirlipede,Scolipede,Cottonee,Whimsicott,Petilil,Lilligant,Basculin,Sandile,Krokorok,Krookodile,Darumaka,Darmanitan,Maractus,Dwebble,Crustle,Scraggy,Scrafty,Sigilyph,Yamask,Cofagrigus,Tirtouga,Carracosta,Archen,Archeops,Trubbish,Garbodor,Zorua,Zoroark,Minccino,Cinccino,Gothita,Gothorita,Gothitelle,Solosis,Duosion,Reuniclus,Ducklett,Swanna,Vanillite,Vanillish,Vanilluxe,Deerling,Sawsbuck,Emolga,Karrablast,Escavalier,Foongus,Amoonguss,Frillish,Jellicent,Alomomola,Joltik,Galvantula,Ferroseed,Ferrothorn,Klink,Klang,Klinklang,Tynamo,Eelektrik,Eelektross,Elgyem,Beheeyem,Litwick,Lampent,Chandelure,Axew,Fraxure,Haxorus,Cubchoo,Beartic,Cryogonal,Shelmet,Accelgor,Stunfisk,Mienfoo,Mienshao,Druddigon,Golett,Golurk,Pawniard,Bisharp,Bouffalant,Rufflet,Braviary,Vullaby,Mandibuzz,Heatmor,Durant,Deino,Zweilous,Hydreigon,Larvesta,Volcarona,Cobalion,Terrakion,Virizion,Tornadus,Thundurus,Reshiram,Zekrom,Landorus,Kyurem,Keldeo,Meloetta,Genesect,Chespin,Quilladin,Chesnaught,Fennekin,Braixen,Delphox,Froakie,Frogadier,Greninja,Bunnelby,Diggersby,Fletchling,Fletchinder,Talonflame,Scatterbug,Spewpa,Vivillon,Litleo,Pyroar,Flabébé,Floette,Florges,Skiddo,Gogoat,Pancham,Pangoro,Furfrou,Espurr,Meowstic,Honedge,Doublade,Aegislash,Spritzee,Aromatisse,Swirlix,Slurpuff,Inkay,Malamar,Binacle,Barbaracle,Skrelp,Dragalge,Clauncher,Clawitzer,Helioptile,Heliolisk,Tyrunt,Tyrantrum,Amaura,Aurorus,Sylveon,Hawlucha,Dedenne,Carbink,Goomy,Sliggoo,Goodra,Klefki,Phantump,Trevenant,Pumpkaboo,Gourgeist,Bergmite,Avalugg,Noibat,Noivern,Xerneas,Yveltal,Zygarde
HP,45,60,80,39,58,78,44,59,79,45,50,60,40,45,65,40,63,83,30,55,40,65,35,60,35,60,50,75,55,70,90,46,61,81,70,95,38,73,115,140,40,75,45,60,75,35,60,60,70,10,35,40,65,50,80,40,65,55,90,40,65,90,25,40,55,70,80,90,50,65,80,40,80,40,55,80,50,65,90,95,25,50,52,35,60,65,90,80,105,30,50,30,45,60,35,60,85,30,55,40,60,60,95,50,60,50,50,90,40,65,80,105,250,65,105,30,55,45,80,30,60,40,70,65,65,65,65,75,20,95,130,48,55,130,65,65,65,35,70,30,60,80,160,90,90,90,41,61,91,106,100,45,60,80,39,58,78,50,65,85,35,85,60,100,40,55,40,70,85,75,125,20,50,90,35,55,40,65,55,70,90,75,70,100,70,90,35,55,75,55,30,75,65,55,95,65,95,60,95,60,48,190,70,50,75,100,65,75,60,90,65,70,20,80,55,60,90,40,50,50,100,55,35,75,45,65,65,45,75,75,90,90,85,73,55,35,50,45,45,45,95,255,90,115,100,50,70,100,106,106,100,40,50,70,45,60,80,50,70,100,35,70,38,78,45,50,60,50,60,40,60,80,40,70,90,40,60,40,60,28,38,68,40,70,60,60,60,80,150,31,61,1,64,84,104,72,144,50,30,50,70,50,50,50,60,70,30,60,40,70,60,60,65,65,50,70,100,45,70,130,170,60,70,70,60,80,60,45,50,80,50,70,45,75,73,73,70,70,50,110,43,63,40,60,66,86,45,75,20,95,70,60,44,64,20,40,99,65,65,95,50,80,70,90,110,35,55,55,100,43,45,65,95,40,60,80,80,80,80,80,80,100,100,105,100,50,55,75,95,44,64,76,53,64,84,40,55,85,59,79,37,77,45,60,80,40,60,67,97,30,60,40,70,30,70,60,55,85,45,70,76,111,75,90,150,55,65,60,100,49,71,45,63,103,57,67,50,20,100,76,50,58,68,108,135,40,70,68,108,40,70,48,83,74,49,69,45,60,90,70,70,110,115,100,75,75,85,86,65,65,75,110,85,68,60,45,70,50,75,80,75,100,90,91,110,150,120,80,100,70,100,120,100,45,60,75,65,90,110,55,75,95,45,60,45,65,85,41,64,50,75,50,75,50,75,76,116,50,62,80,45,75,55,70,85,55,67,60,110,103,75,85,105,50,75,105,120,75,45,55,75,30,40,60,40,60,45,70,70,50,60,95,70,105,75,50,70,50,65,72,38,58,54,74,55,75,50,80,40,60,55,75,45,60,70,45,65,110,62,75,36,51,71,60,80,55,50,70,69,114,55,100,165,50,70,44,74,40,60,60,35,65,85,55,75,50,60,60,46,66,76,55,95,70,50,80,109,45,65,77,59,89,45,65,95,70,100,70,110,85,58,52,72,92,55,85,91,91,91,79,79,100,100,89,125,91,100,71,56,61,88,40,59,75,41,54,72,38,85,45,62,78,38,45,80,62,86,44,54,78,66,123,67,95,75,62,74,45,59,60,78,101,62,82,53,86,42,72,50,65,50,71,44,62,58,82,77,123,95,78,67,50,45,68,90,57,43,85,49,65,55,95,40,85,126,126,108
Attack,49,62,82,52,64,84,48,63,83,30,20,45,35,25,80,45,60,80,56,81,60,90,60,85,55,90,75,100,47,62,82,57,72,92,45,70,41,76,45,70,45,80,50,65,80,70,95,55,65,55,80,45,70,52,82,80,105,70,110,50,65,85,20,35,50,80,100,130,75,90,105,40,70,80,95,110,85,100,65,75,35,60,65,85,110,45,70,80,105,65,95,35,50,65,45,48,73,105,130,30,50,40,95,50,80,120,105,55,65,90,85,130,5,55,95,40,65,67,92,45,75,45,110,50,83,95,125,100,10,125,85,48,55,65,65,130,60,40,60,80,115,105,110,85,90,100,64,84,134,110,100,49,62,82,52,64,84,65,80,105,46,76,30,50,20,35,60,90,90,38,58,40,25,30,20,40,50,75,40,55,75,80,20,50,100,75,35,45,55,70,30,75,65,45,85,65,65,85,75,60,72,33,80,65,90,70,75,85,80,120,95,130,10,125,95,80,130,40,50,50,100,55,65,105,55,40,80,60,90,95,60,120,80,95,20,35,95,30,63,75,80,10,85,115,75,64,84,134,90,130,100,45,65,85,60,85,120,70,85,110,55,90,30,70,45,35,70,35,50,30,50,70,40,70,100,55,85,30,50,25,35,65,30,60,40,130,60,80,160,45,90,90,51,71,91,60,120,20,45,45,65,75,85,70,90,110,40,60,45,75,50,40,73,47,60,43,73,90,120,70,90,60,100,85,25,45,60,100,70,100,85,115,40,70,115,100,55,95,48,78,80,120,40,70,41,81,95,125,15,60,70,90,75,115,40,70,68,50,130,23,50,80,40,60,80,64,104,84,90,30,75,95,135,55,75,135,100,50,75,80,90,100,150,150,100,150,68,89,109,58,78,104,51,66,86,55,75,120,45,85,25,85,65,85,120,30,70,125,165,42,52,29,94,30,80,45,65,105,35,60,48,83,100,50,80,66,76,60,125,55,82,30,63,93,24,89,80,25,5,65,92,70,90,130,85,70,110,72,112,50,90,61,106,100,49,69,20,62,92,120,70,85,140,100,123,95,50,76,110,60,95,130,80,125,55,100,80,50,75,105,125,120,120,90,160,100,70,80,100,90,100,120,100,45,60,75,63,93,123,55,75,100,55,85,60,80,100,50,88,53,98,53,98,53,98,25,55,55,77,105,60,100,75,105,135,45,57,85,135,60,80,105,140,50,65,85,100,125,53,63,103,45,55,90,27,67,35,60,92,72,82,117,90,140,86,65,95,75,90,58,30,50,78,108,112,140,50,95,65,105,50,95,30,45,55,30,40,65,44,87,50,65,95,60,100,75,75,135,55,85,40,60,75,47,77,50,94,55,80,100,55,85,115,55,75,30,40,55,87,117,147,70,110,50,40,70,66,85,125,120,74,124,85,125,110,83,123,55,65,97,109,65,85,105,85,60,90,129,90,115,115,120,150,125,130,72,77,120,61,78,107,45,59,69,56,63,95,36,56,50,73,81,35,22,52,50,68,38,45,65,65,100,82,124,80,48,48,80,110,150,52,72,48,80,54,92,52,105,60,75,53,73,38,55,89,121,59,77,65,92,58,50,50,75,100,80,70,110,66,90,69,117,30,70,131,131,100
Defense,49,63,83,43,58,78,65,80,100,35,55,50,30,50,40,40,55,75,35,60,30,65,44,69,30,55,85,110,52,67,87,40,57,77,48,73,40,75,20,45,35,70,55,70,85,55,80,50,60,25,50,35,60,48,78,35,60,45,80,40,65,95,15,30,45,50,70,80,35,50,65,35,65,100,115,130,55,70,65,110,70,95,55,45,70,55,80,50,75,100,180,30,45,60,160,45,70,90,115,50,70,80,85,95,110,53,79,75,95,120,95,120,5,115,80,70,95,60,65,55,85,65,80,35,57,57,100,95,55,79,80,48,50,60,60,60,70,100,125,90,105,65,65,100,85,90,45,65,95,90,100,65,80,100,43,58,78,64,80,100,34,64,30,50,30,50,40,70,80,38,58,15,28,15,65,85,45,70,40,55,75,85,50,80,115,75,40,50,70,55,30,55,45,45,85,60,110,42,80,60,48,58,65,90,140,70,105,200,50,75,75,100,230,75,55,50,75,40,120,40,80,85,35,75,45,70,140,30,50,95,60,120,90,62,35,35,95,15,37,37,105,10,75,85,115,50,70,110,130,90,100,35,45,65,40,60,70,50,70,90,35,70,41,61,35,55,50,55,70,30,50,70,50,40,60,30,60,30,100,25,35,65,32,62,60,80,60,80,100,90,45,45,23,43,63,30,60,40,135,45,65,75,85,100,140,180,55,75,40,60,40,50,55,55,45,53,83,20,40,35,45,40,70,140,35,65,60,45,50,80,40,60,60,90,60,60,65,85,43,73,65,85,55,105,77,97,50,100,20,79,70,70,35,65,90,130,83,70,60,48,50,80,50,70,90,85,105,105,130,55,60,100,80,80,100,130,200,100,150,90,80,90,140,90,100,50,64,85,105,44,52,71,53,68,88,30,50,70,40,60,41,51,34,49,79,35,55,40,60,118,168,45,50,42,102,70,35,55,45,70,48,68,66,34,44,44,84,60,52,42,64,50,47,67,86,116,95,45,5,45,108,45,65,95,40,40,70,78,118,90,110,40,65,72,56,76,50,50,75,65,115,95,130,125,67,67,95,86,130,110,125,80,70,65,145,135,70,77,130,105,70,120,100,106,110,120,120,80,100,90,100,120,100,55,75,95,45,55,65,45,60,85,39,69,45,65,90,37,50,48,63,48,63,48,63,45,85,50,62,80,32,63,85,105,130,43,55,40,60,86,55,85,95,40,55,75,85,75,70,90,80,59,99,89,60,85,50,75,65,35,45,70,45,55,67,85,125,70,115,80,85,145,103,133,45,65,62,82,40,60,40,60,50,70,95,40,50,75,50,63,50,65,85,50,70,60,45,105,45,70,50,70,80,50,60,91,131,70,95,115,40,70,80,55,75,55,60,90,60,70,90,40,80,30,85,40,84,50,60,90,50,80,70,100,95,50,75,75,105,66,112,50,70,90,55,65,129,90,72,70,70,100,120,90,90,90,77,95,65,95,122,40,58,72,40,52,67,38,77,43,55,71,40,60,50,58,72,39,47,68,48,62,62,78,60,54,76,100,150,50,60,72,66,86,53,88,67,115,60,90,62,88,33,52,77,119,50,72,65,75,57,150,35,53,70,91,48,76,70,122,85,184,35,80,95,95,121
Special Attack,65,80,100,60,80,109,50,65,85,20,25,80,20,25,45,35,50,70,25,50,31,61,40,65,50,90,20,45,40,55,75,40,55,85,60,85,50,81,45,75,30,65,75,85,100,45,60,40,90,35,50,40,65,65,95,35,60,70,100,40,50,70,105,120,135,35,50,65,70,85,100,50,80,30,45,55,65,80,40,100,95,120,58,35,60,45,70,40,65,45,85,100,115,130,30,43,73,25,50,55,80,60,125,40,50,35,35,60,60,85,30,45,35,100,40,70,95,35,65,70,100,100,55,115,95,100,55,40,15,60,85,48,45,110,110,95,85,90,115,55,65,60,65,95,125,125,50,70,100,154,100,49,63,83,60,80,109,44,59,79,35,45,36,76,40,55,40,60,70,56,76,35,45,40,40,80,70,95,65,80,115,90,20,50,30,90,35,45,55,40,30,105,75,25,65,130,60,85,100,85,72,33,90,35,60,65,35,55,40,60,55,55,10,40,35,50,75,70,80,30,60,65,65,105,65,80,40,80,110,95,40,60,105,85,20,35,35,85,65,70,40,75,115,90,90,45,65,95,90,110,100,65,85,105,70,85,110,50,60,85,30,60,30,50,20,25,90,25,50,40,60,90,30,60,90,30,50,55,85,45,65,125,50,80,40,60,35,55,95,30,50,30,51,71,91,20,40,20,45,35,55,65,55,40,50,60,40,60,65,105,85,75,47,73,100,43,73,65,95,70,90,65,105,85,70,90,60,45,50,80,85,115,40,70,60,100,95,55,46,76,50,90,40,70,61,81,40,70,10,100,70,60,63,83,30,60,72,95,75,23,50,80,55,75,95,74,94,114,45,40,40,60,110,35,55,95,50,100,75,110,130,150,100,150,100,150,45,55,75,58,78,104,61,81,111,30,40,50,35,55,25,55,40,60,95,50,125,30,65,42,47,29,94,30,80,45,60,85,62,87,57,92,60,60,90,44,54,105,105,42,64,65,41,71,24,79,10,70,15,92,92,40,50,80,40,35,115,38,68,30,60,61,86,90,49,69,60,62,92,45,130,80,55,110,95,125,120,116,60,130,45,70,135,65,75,65,80,95,75,105,125,150,150,130,80,100,75,80,100,135,100,120,100,45,60,75,45,70,100,63,83,108,35,60,25,35,45,50,88,53,98,53,98,53,98,67,107,36,50,65,50,80,25,50,60,55,77,30,50,60,25,40,55,50,65,85,30,30,40,50,70,30,40,55,37,77,70,110,80,35,45,65,15,30,106,35,65,35,45,103,55,95,53,83,74,112,40,60,80,120,40,65,55,75,95,105,125,125,44,87,65,80,110,40,60,75,40,60,55,85,65,85,40,57,97,24,54,45,70,70,45,75,105,85,125,65,95,145,30,40,60,60,70,95,40,100,81,55,95,60,35,55,40,60,40,37,57,45,55,105,48,45,65,125,50,135,90,72,90,125,125,150,120,115,130,129,128,120,48,56,74,62,90,114,62,83,103,32,50,40,56,74,27,27,90,73,109,61,75,112,62,97,46,69,65,63,83,35,45,150,63,99,59,85,37,68,39,54,60,97,58,120,61,109,45,69,67,99,110,74,81,50,55,83,110,80,50,65,44,58,32,44,45,97,131,131,81
Special Defense,65,80,100,50,65,85,64,80,105,20,25,80,20,25,80,35,50,70,35,70,31,61,54,79,40,80,30,55,40,55,85,40,55,75,65,90,65,100,25,50,40,75,65,75,90,55,80,55,75,45,70,40,65,50,80,45,70,50,80,40,50,90,55,70,85,35,60,85,30,45,60,100,120,30,45,65,65,80,40,80,55,70,62,35,60,70,95,50,100,25,45,35,55,75,45,90,115,25,50,55,80,45,65,50,80,110,110,75,45,70,30,45,105,40,80,25,45,50,80,55,85,120,80,95,85,85,70,70,20,100,95,48,65,95,95,110,75,55,70,45,70,75,110,125,90,85,50,70,100,90,100,65,80,100,50,65,85,48,63,83,45,55,56,96,80,110,40,60,80,56,76,35,55,20,65,105,45,70,45,60,90,100,50,80,65,100,55,65,85,55,30,85,45,25,65,95,130,42,110,85,48,58,65,35,60,65,65,65,40,60,55,80,230,95,75,50,75,40,80,30,60,85,35,75,45,140,70,50,80,95,40,60,95,65,45,35,110,65,55,55,70,135,100,75,115,50,70,100,154,154,100,55,65,85,50,60,70,50,70,90,30,60,41,61,30,25,50,25,90,50,70,100,30,40,60,30,50,30,70,35,55,115,52,82,60,60,35,55,65,30,50,30,23,43,63,30,60,40,90,35,55,65,55,40,50,60,55,75,40,60,75,85,75,75,80,53,83,20,40,35,45,45,75,70,80,110,60,45,50,80,40,60,75,105,60,60,85,65,41,71,35,55,70,120,87,107,50,80,55,125,70,120,33,63,90,130,87,80,60,48,50,80,50,70,90,55,75,75,65,65,30,50,80,60,80,90,100,200,150,130,110,140,90,90,100,50,55,65,85,44,52,71,56,76,101,30,40,50,40,60,41,51,34,49,79,70,105,30,50,88,138,45,50,42,102,90,30,50,53,78,62,82,66,44,54,56,96,105,52,37,59,50,41,61,86,116,45,90,65,42,108,45,55,85,85,40,70,42,72,55,75,40,65,72,61,86,120,60,85,85,90,95,55,50,85,95,115,56,65,95,75,60,75,115,150,135,70,77,130,105,70,100,120,106,110,120,130,80,100,90,100,120,100,55,75,95,45,55,65,45,60,70,39,69,45,65,90,37,50,48,63,48,63,48,63,55,95,30,42,55,32,63,25,40,70,43,55,45,65,86,35,50,65,40,55,75,85,75,60,80,70,39,79,69,50,75,50,75,55,35,45,70,45,55,67,35,75,70,115,80,65,105,45,65,45,65,62,82,40,60,40,60,65,85,110,50,60,85,50,63,60,75,95,50,70,60,45,105,55,80,85,105,45,50,60,86,116,60,85,85,40,70,80,55,95,55,60,90,40,50,70,40,80,135,65,60,99,50,60,90,50,80,40,70,95,50,75,65,95,66,48,50,70,90,55,105,72,90,129,80,80,120,100,80,90,90,128,95,45,58,75,60,70,100,44,56,71,36,77,38,52,69,25,30,50,54,66,79,98,154,57,81,48,71,90,60,81,37,49,50,65,89,57,75,46,75,56,86,60,123,63,89,43,94,45,59,63,92,130,63,67,150,75,113,150,87,60,82,55,75,35,46,40,80,98,98,95
Speed,45,60,80,65,80,100,43,58,78,45,30,70,50,35,75,56,71,91,72,97,70,100,55,80,90,100,40,65,41,56,76,50,65,85,35,60,65,100,20,45,55,90,30,40,50,25,30,45,90,95,120,90,115,55,85,70,95,60,95,90,90,70,90,105,120,35,45,55,40,55,70,70,100,20,35,45,90,105,15,30,45,70,60,75,100,45,70,25,50,40,70,80,95,110,70,42,67,50,75,100,140,40,55,35,45,87,76,30,35,60,25,40,50,60,90,60,85,63,68,85,115,90,105,95,105,93,85,110,80,81,60,48,55,65,130,65,40,35,55,55,80,130,30,85,100,90,50,70,80,130,100,45,60,80,65,80,100,43,58,78,20,90,50,70,55,85,30,40,130,67,67,60,15,15,20,40,70,95,35,45,55,50,40,50,30,70,50,80,110,85,30,30,95,15,35,110,65,91,30,85,48,33,85,15,40,45,85,30,30,45,85,65,5,85,115,40,55,20,30,50,50,35,65,45,75,70,70,65,95,85,40,50,60,85,75,35,70,65,95,83,100,55,115,100,85,41,51,61,110,90,100,70,95,120,45,55,80,40,50,60,35,70,60,100,20,15,65,15,65,30,50,70,30,60,80,85,125,85,65,40,50,80,65,60,35,70,30,90,100,40,160,40,28,48,68,25,50,20,30,50,70,50,50,30,40,50,60,80,65,105,95,95,85,85,65,40,55,65,95,60,60,35,40,20,60,80,60,10,70,100,35,55,50,80,90,65,70,70,60,60,35,55,55,75,23,43,75,45,80,81,70,40,45,65,25,25,51,65,75,23,50,80,25,45,65,32,52,52,55,97,50,50,100,30,50,70,50,50,50,110,110,90,90,95,100,150,31,36,56,61,81,108,40,50,60,60,80,100,31,71,25,65,45,60,70,55,90,58,58,30,30,36,66,70,40,95,85,115,35,85,34,39,115,70,80,85,105,105,71,85,112,45,74,84,23,33,10,60,30,91,35,42,82,102,5,60,90,32,47,65,95,50,85,46,66,91,50,40,60,125,60,50,40,50,95,83,80,95,95,65,95,80,90,80,40,45,110,91,95,80,115,90,100,77,100,90,85,80,100,125,100,120,100,63,83,113,45,55,65,45,60,70,42,77,55,60,80,66,106,64,101,64,101,64,101,24,29,43,65,93,76,116,15,20,25,72,114,68,88,50,35,40,45,64,69,74,45,85,42,42,92,57,47,112,66,116,30,90,98,65,74,92,50,95,60,55,45,48,58,97,30,30,22,32,70,110,65,75,65,105,75,115,45,55,65,20,30,30,55,98,44,59,79,75,95,103,60,20,15,30,40,60,65,65,108,10,20,30,50,90,60,40,50,30,40,20,55,80,57,67,97,40,50,105,25,145,32,65,105,48,35,55,60,70,55,60,80,60,80,65,109,38,58,98,60,100,108,108,108,111,111,90,90,101,95,108,90,99,38,57,64,60,73,104,71,97,122,57,78,62,84,126,35,29,89,72,106,42,52,75,52,68,43,58,102,68,104,28,35,60,23,29,49,72,45,73,50,68,30,44,44,59,70,109,48,71,46,58,60,118,101,50,40,60,80,75,38,56,51,84,28,28,55,123,99,99,95
ID,1,2,3,4,5,6,7,8,9,10,11,12,13,14,15,16,17,18,19,20,21,22,23,24,25,26,27,28,29,30,31,32,33,34,35,36,37,38,39,40,41,42,43,44,45,46,47,48,49,50,51,52,53,54,55,56,57,58,59,60,61,62,63,64,65,66,67,68,69,70,71,72,73,74,75,76,77,78,79,80,81,82,83,84,85,86,87,88,89,90,91,92,93,94,95,96,97,98,99,100,101,102,103,104,105,106,107,108,109,110,111,112,113,114,115,116,117,118,119,120,121,122,123,124,125,126,127,128,129,130,131,132,133,134,135,136,137,138,139,140,141,142,143,144,145,146,147,148,149,150,151,152,153,154,155,156,157,158,159,160,161,162,163,164,165,166,167,168,169,170,171,172,173,174,175,176,177,178,179,180,181,182,183,184,185,186,187,188,189,190,191,192,193,194,195,196,197,198,199,200,201,202,203,204,205,206,207,208,209,210,211,212,213,214,215,216,217,218,219,220,221,222,223,224,225,226,227,228,229,230,231,232,233,234,235,236,237,238,239,240,241,242,243,244,245,246,247,248,249,250,251,252,253,254,255,256,257,258,259,260,261,262,263,264,265,266,267,268,269,270,271,272,273,274,275,276,277,278,279,280,281,282,283,284,285,286,287,288,289,290,291,292,293,294,295,296,297,298,299,300,301,302,303,304,305,306,307,308,309,310,311,312,313,314,315,316,317,318,319,320,321,322,323,324,325,326,327,328,329,330,331,332,333,334,335,336,337,338,339,340,341,342,343,344,345,346,347,348,349,350,351,352,353,354,355,356,357,358,359,360,361,362,363,364,365,366,367,368,369,370,371,372,373,374,375,376,377,378,379,380,381,382,383,384,385,386,387,388,389,390,391,392,393,394,395,396,397,398,399,400,401,402,403,404,405,406,407,408,409,410,411,412,414,415,416,417,418,419,420,421,422,423,424,425,426,427,428,429,430,431,432,433,434,435,436,437,438,439,440,441,442,443,444,445,446,447,448,449,450,451,452,453,454,455,456,457,458,459,460,461,462,463,464,465,466,467,468,469,470,471,472,473,474,475,476,477,478,479,480,481,482,483,484,485,486,487,488,489,490,491,492,493,494,495,496,497,498,499,500,501,502,503,504,505,506,507,508,509,510,511,512,513,514,515,516,517,518,519,520,521,522,523,524,525,526,527,528,529,530,531,532,533,534,535,536,537,538,539,540,541,542,543,544,545,546,547,548,549,550,551,552,553,554,555,556,557,558,559,560,561,562,563,564,565,566,567,568,569,570,571,572,573,574,575,576,577,578,579,580,581,582,583,584,585,586,587,588,589,590,591,592,593,594,595,596,597,598,599,600,601,602,603,604,605,606,607,608,609,610,611,612,613,614,615,616,617,618,619,620,621,622,623,624,625,626,627,628,629,630,631,632,633,634,635,636,637,638,639,640,641,642,643,644,645,646,647,648,649,650,651,652,653,654,655,656,657,658,659,660,661,662,663,664,665,666,667,668,669,670,671,672,673,674,675,676,677,678,679,680,681,682,683,684,685,686,687,688,689,690,691,692,693,694,695,696,697,698,699,700,701,702,703,704,705,706,707,708,709,710,711,712,713,714,715,716,717,718
Type1,GRASS,GRASS,GRASS,FIRE,FIRE,FIRE,WATER,WATER,WATER,BUG,BUG,BUG,BUG,BUG,BUG,NORMAL,NORMAL,NORMAL,NORMAL,NORMAL,NORMAL,NORMAL,POISON,POISON,ELECTRIC,ELECTRIC,GROUND,GROUND,POISON,POISON,POISON,POISON,POISON,POISON,FAIRY,FAIRY,FIRE,FIRE,NORMAL,NORMAL,POISON,POISON,GRASS,GRASS,GRASS,BUG,BUG,BUG,BUG,GROUND,GROUND,NORMAL,NORMAL,WATER,WATER,FIGHTING,FIGHTING,FIRE,FIRE,WATER,WATER,WATER,PSYCHIC,PSYCHIC,PSYCHIC,FIGHTING,FIGHTING,FIGHTING,GRASS,GRASS,GRASS,WATER,WATER,ROCK,ROCK,ROCK,FIRE,FIRE,WATER,WATER,ELECTRIC,ELECTRIC,NORMAL,NORMAL,NORMAL,WATER,WATER,POISON,POISON,WATER,WATER,GHOST,GHOST,GHOST,ROCK,PSYCHIC,PSYCHIC,WATER,WATER,ELECTRIC,ELECTRIC,GRASS,GRASS,GROUND,GROUND,FIGHTING,FIGHTING,NORMAL,POISON,POISON,GROUND,GROUND,NORMAL,GRASS,NORMAL,WATER,WATER,WATER,WATER,WATER,WATER,PSYCHIC,BUG,ICE,ELECTRIC,FIRE,BUG,NORMAL,WATER,WATER,WATER,NORMAL,NORMAL,WATER,ELECTRIC,FIRE,NORMAL,ROCK,ROCK,ROCK,ROCK,ROCK,NORMAL,ICE,ELECTRIC,FIRE,DRAGON,DRAGON,DRAGON,PSYCHIC,PSYCHIC,GRASS,GRASS,GRASS,FIRE,FIRE,FIRE,WATER,WATER,WATER,NORMAL,NORMAL,NORMAL,NORMAL,BUG,BUG,BUG,BUG,POISON,WATER,WATER,ELECTRIC,FAIRY,NORMAL,FAIRY,FAIRY,PSYCHIC,PSYCHIC,ELECTRIC,ELECTRIC,ELECTRIC,GRASS,WATER,WATER,ROCK,WATER,GRASS,GRASS,GRASS,NORMAL,GRASS,GRASS,BUG,WATER,WATER,PSYCHIC,DARK,DARK,WATER,GHOST,PSYCHIC,PSYCHIC,NORMAL,BUG,BUG,NORMAL,GROUND,STEEL,FAIRY,FAIRY,WATER,BUG,BUG,BUG,DARK,NORMAL,NORMAL,FIRE,FIRE,ICE,ICE,WATER,WATER,WATER,ICE,WATER,STEEL,DARK,DARK,WATER,GROUND,GROUND,NORMAL,NORMAL,NORMAL,FIGHTING,FIGHTING,ICE,ELECTRIC,FIRE,NORMAL,NORMAL,ELECTRIC,FIRE,WATER,ROCK,ROCK,ROCK,PSYCHIC,FIRE,PSYCHIC,GRASS,GRASS,GRASS,FIRE,FIRE,FIRE,WATER,WATER,WATER,DARK,DARK,NORMAL,NORMAL,BUG,BUG,BUG,BUG,BUG,WATER,WATER,WATER,GRASS,GRASS,GRASS,NORMAL,NORMAL,WATER,WATER,PSYCHIC,PSYCHIC,PSYCHIC,BUG,BUG,GRASS,GRASS,NORMAL,NORMAL,NORMAL,BUG,BUG,BUG,NORMAL,NORMAL,NORMAL,FIGHTING,FIGHTING,NORMAL,ROCK,NORMAL,NORMAL,DARK,STEEL,STEEL,STEEL,STEEL,FIGHTING,FIGHTING,ELECTRIC,ELECTRIC,ELECTRIC,ELECTRIC,BUG,BUG,GRASS,POISON,POISON,WATER,WATER,WATER,WATER,FIRE,FIRE,FIRE,PSYCHIC,PSYCHIC,NORMAL,GROUND,GROUND,GROUND,GRASS,GRASS,NORMAL,DRAGON,NORMAL,POISON,ROCK,ROCK,WATER,WATER,WATER,WATER,GROUND,GROUND,ROCK,ROCK,ROCK,ROCK,WATER,WATER,NORMAL,NORMAL,GHOST,GHOST,GHOST,GHOST,GRASS,PSYCHIC,DARK,PSYCHIC,ICE,ICE,ICE,ICE,ICE,WATER,WATER,WATER,WATER,WATER,DRAGON,DRAGON,DRAGON,STEEL,STEEL,STEEL,ROCK,ICE,STEEL,DRAGON,DRAGON,WATER,GROUND,DRAGON,STEEL,PSYCHIC,GRASS,GRASS,GRASS,FIRE,FIRE,FIRE,WATER,WATER,WATER,NORMAL,NORMAL,NORMAL,NORMAL,NORMAL,BUG,BUG,ELECTRIC,ELECTRIC,ELECTRIC,GRASS,GRASS,ROCK,ROCK,ROCK,ROCK,BUG,BUG,BUG,BUG,ELECTRIC,WATER,WATER,GRASS,GRASS,WATER,WATER,NORMAL,GHOST,GHOST,NORMAL,NORMAL,GHOST,DARK,NORMAL,NORMAL,PSYCHIC,POISON,POISON,STEEL,STEEL,ROCK,PSYCHIC,NORMAL,NORMAL,GHOST,DRAGON,DRAGON,DRAGON,NORMAL,FIGHTING,FIGHTING,GROUND,GROUND,POISON,POISON,POISON,POISON,GRASS,WATER,WATER,WATER,GRASS,GRASS,DARK,ELECTRIC,NORMAL,GROUND,GRASS,ELECTRIC,FIRE,FAIRY,BUG,GRASS,ICE,GROUND,ICE,NORMAL,PSYCHIC,ROCK,GHOST,ICE,ELECTRIC,PSYCHIC,PSYCHIC,PSYCHIC,STEEL,WATER,FIRE,NORMAL,GHOST,PSYCHIC,WATER,WATER,DARK,GRASS,NORMAL,PSYCHIC,GRASS,GRASS,GRASS,FIRE,FIRE,FIRE,WATER,WATER,WATER,NORMAL,NORMAL,NORMAL,NORMAL,NORMAL,DARK,DARK,GRASS,GRASS,FIRE,FIRE,WATER,WATER,PSYCHIC,PSYCHIC,NORMAL,NORMAL,NORMAL,ELECTRIC,ELECTRIC,ROCK,ROCK,ROCK,PSYCHIC,PSYCHIC,GROUND,GROUND,NORMAL,FIGHTING,FIGHTING,FIGHTING,WATER,WATER,WATER,FIGHTING,FIGHTING,BUG,BUG,BUG,BUG,BUG,BUG,GRASS,GRASS,GRASS,GRASS,WATER,GROUND,GROUND,GROUND,FIRE,FIRE,GRASS,BUG,BUG,DARK,DARK,PSYCHIC,GHOST,GHOST,WATER,WATER,ROCK,ROCK,POISON,POISON,DARK,DARK,NORMAL,NORMAL,PSYCHIC,PSYCHIC,PSYCHIC,PSYCHIC,PSYCHIC,PSYCHIC,WATER,WATER,ICE,ICE,ICE,NORMAL,NORMAL,ELECTRIC,BUG,BUG,GRASS,GRASS,WATER,WATER,WATER,BUG,BUG,GRASS,GRASS,STEEL,STEEL,STEEL,ELECTRIC,ELECTRIC,ELECTRIC,PSYCHIC,PSYCHIC,GHOST,GHOST,GHOST,DRAGON,DRAGON,DRAGON,ICE,ICE,ICE,BUG,BUG,ELECTRIC,FIGHTING,FIGHTING,DRAGON,GROUND,GROUND,DARK,DARK,NORMAL,NORMAL,NORMAL,DARK,DARK,FIRE,BUG,DARK,DARK,DARK,BUG,BUG,STEEL,ROCK,GRASS,FLYING,ELECTRIC,DRAGON,DRAGON,GROUND,DRAGON,WATER,NORMAL,BUG,GRASS,GRASS,GRASS,FIRE,FIRE,FIRE,WATER,WATER,WATER,NORMAL,NORMAL,NORMAL,FIRE,FIRE,BUG,BUG,BUG,FIRE,FIRE,FAIRY,FAIRY,FAIRY,GRASS,GRASS,FIGHTING,FIGHTING,NORMAL,PSYCHIC,PSYCHIC,STEEL,STEEL,STEEL,FAIRY,FAIRY,FAIRY,FAIRY,DARK,DARK,ROCK,ROCK,POISON,POISON,WATER,WATER,ELECTRIC,ELECTRIC,ROCK,ROCK,ROCK,ROCK,FAIRY,FIGHTING,ELECTRIC,ROCK,DRAGON,DRAGON,DRAGON,STEEL,GHOST,GHOST,GHOST,GHOST,ICE,ICE,FLYING,FLYING,FAIRY,DARK,DRAGON
Type2,POISON,POISON,POISON,none,none,FLYING,none,none,none,none,none,FLYING,POISON,POISON,POISON,FLYING,FLYING,FLYING,none,none,FLYING,FLYING,none,none,none,none,none,none,none,none,GROUND,none,none,GROUND,none,none,none,none,FAIRY,FAIRY,FLYING,FLYING,POISON,POISON,POISON,GRASS,GRASS,POISON,POISON,none,none,none,none,none,none,none,none,none,none,none,none,FIGHTING,none,none,none,none,none,none,POISON,POISON,POISON,POISON,POISON,GROUND,GROUND,GROUND,none,none,PSYCHIC,PSYCHIC,STEEL,STEEL,FLYING,FLYING,FLYING,none,ICE,none,none,none,ICE,POISON,POISON,POISON,GROUND,none,none,none,none,none,none,PSYCHIC,PSYCHIC,none,none,none,none,none,none,none,ROCK,ROCK,none,none,none,none,none,none,none,none,PSYCHIC,FAIRY,FLYING,PSYCHIC,none,none,none,none,none,FLYING,ICE,none,none,none,none,none,none,WATER,WATER,WATER,WATER,FLYING,none,FLYING,FLYING,FLYING,none,none,FLYING,none,none,none,none,none,none,none,none,none,none,none,none,none,FLYING,FLYING,FLYING,FLYING,POISON,POISON,FLYING,ELECTRIC,ELECTRIC,none,none,FAIRY,none,FLYING,FLYING,FLYING,none,none,none,none,FAIRY,FAIRY,none,none,FLYING,FLYING,FLYING,none,none,none,FLYING,GROUND,GROUND,none,none,FLYING,PSYCHIC,none,none,none,PSYCHIC,none,STEEL,none,FLYING,GROUND,none,none,POISON,STEEL,ROCK,FIGHTING,ICE,none,none,none,ROCK,GROUND,GROUND,ROCK,none,none,FLYING,FLYING,FLYING,FIRE,FIRE,DRAGON,none,none,none,none,none,none,none,PSYCHIC,none,none,none,none,none,none,none,GROUND,GROUND,DARK,FLYING,FLYING,GRASS,none,none,none,none,FIGHTING,FIGHTING,none,GROUND,GROUND,none,none,none,none,none,none,FLYING,none,POISON,GRASS,GRASS,GRASS,none,DARK,DARK,FLYING,FLYING,FLYING,FLYING,FAIRY,FAIRY,FAIRY,WATER,FLYING,none,FIGHTING,none,none,none,GROUND,FLYING,GHOST,none,none,none,none,none,FAIRY,none,none,none,GHOST,FAIRY,ROCK,ROCK,ROCK,PSYCHIC,PSYCHIC,none,none,none,none,none,none,POISON,none,none,DARK,DARK,none,none,GROUND,GROUND,none,none,none,none,none,DRAGON,DRAGON,none,DARK,FLYING,FLYING,none,none,PSYCHIC,PSYCHIC,GROUND,GROUND,none,DARK,PSYCHIC,PSYCHIC,GRASS,GRASS,BUG,BUG,none,none,none,none,none,none,none,none,FLYING,none,none,none,none,none,WATER,WATER,WATER,none,none,none,ROCK,none,none,none,FLYING,PSYCHIC,PSYCHIC,PSYCHIC,none,none,none,PSYCHIC,PSYCHIC,none,none,FLYING,PSYCHIC,none,none,none,GROUND,none,FIGHTING,FIGHTING,none,none,STEEL,FLYING,FLYING,FLYING,none,WATER,none,none,none,none,none,POISON,POISON,none,none,STEEL,STEEL,none,FLYING,FLYING,FLYING,none,none,none,none,none,none,GROUND,none,FLYING,FLYING,none,none,none,FLYING,none,none,none,DARK,DARK,PSYCHIC,PSYCHIC,none,FAIRY,none,FLYING,DARK,GROUND,GROUND,GROUND,none,none,STEEL,none,none,BUG,DARK,FIGHTING,FIGHTING,none,none,none,FLYING,ICE,ICE,ICE,STEEL,none,ROCK,none,none,none,FLYING,FLYING,none,none,FLYING,GROUND,none,FIGHTING,STEEL,none,GHOST,GHOST,none,none,none,DRAGON,DRAGON,STEEL,none,DRAGON,none,none,none,none,none,none,FIRE,none,none,none,none,FIGHTING,FIGHTING,none,none,none,none,none,none,none,none,none,none,none,none,none,none,none,none,none,none,FLYING,FLYING,FLYING,none,none,none,none,none,FLYING,FLYING,none,STEEL,none,none,none,none,none,GROUND,GROUND,none,none,GRASS,GRASS,GRASS,POISON,POISON,POISON,none,none,none,none,none,DARK,DARK,DARK,none,FIRE,none,ROCK,ROCK,FIGHTING,FIGHTING,FLYING,none,none,ROCK,ROCK,FLYING,FLYING,none,none,none,none,none,none,none,none,none,none,none,none,FLYING,FLYING,none,none,none,GRASS,GRASS,FLYING,none,STEEL,POISON,POISON,GHOST,GHOST,none,ELECTRIC,ELECTRIC,STEEL,STEEL,none,none,none,none,none,none,none,none,FIRE,FIRE,FIRE,none,none,none,none,none,none,none,none,GROUND,none,none,none,GHOST,GHOST,STEEL,STEEL,none,FLYING,FLYING,FLYING,FLYING,none,STEEL,DRAGON,DRAGON,DRAGON,FIRE,FIRE,FIGHTING,FIGHTING,FIGHTING,FLYING,FLYING,FIRE,ELECTRIC,FLYING,ICE,FIGHTING,PSYCHIC,STEEL,none,none,FIGHTING,none,none,PSYCHIC,none,none,DARK,none,GROUND,FLYING,FLYING,FLYING,none,none,FLYING,NORMAL,NORMAL,none,none,none,none,none,none,DARK,none,none,none,GHOST,GHOST,GHOST,none,none,none,none,PSYCHIC,PSYCHIC,WATER,WATER,WATER,DRAGON,none,none,NORMAL,NORMAL,DRAGON,DRAGON,ICE,ICE,none,FLYING,FAIRY,FAIRY,none,none,none,FAIRY,GRASS,GRASS,GRASS,GRASS,none,none,DRAGON,DRAGON,none,FLYING,GROUND
,318,405,525,309,405,534,314,405,530,195,205,385,195,205,385,251,349,469,253,413,262,442,288,438,300,475,300,450,275,365,495,273,365,495,323,473,299,505,270,425,245,455,320,395,480,285,405,305,450,265,405,290,440,320,500,305,455,350,555,300,385,500,310,400,490,305,405,505,300,390,480,335,515,300,390,485,410,500,315,490,325,465,352,310,460,325,475,325,500,305,525,310,405,500,385,328,483,325,475,330,480,325,520,320,425,455,455,385,340,490,345,485,450,435,490,295,440,320,450,340,520,460,500,455,490,495,500,490,200,540,535,288,325,525,525,525,395,355,495,355,495,515,540,580,580,580,300,420,600,680,600,318,405,525,309,405,534,314,405,530,215,415,262,442,265,390,250,390,535,330,460,205,218,210,245,405,320,470,280,365,500,480,250,410,410,500,250,340,450,360,180,425,390,210,430,525,525,405,490,435,336,405,455,290,465,415,430,510,300,450,430,500,505,500,430,330,500,250,410,250,450,380,300,480,330,465,465,330,500,540,330,500,515,465,250,210,455,305,360,365,490,540,580,580,580,300,410,600,680,680,600,310,405,530,310,405,530,310,405,535,220,420,240,420,195,205,385,205,385,220,340,480,220,340,480,270,430,270,430,198,278,518,269,414,295,460,280,440,670,266,456,236,240,360,480,237,474,190,375,260,380,380,380,330,430,530,280,410,295,475,405,405,400,400,400,302,467,305,460,400,500,305,460,470,330,470,360,290,340,520,335,475,310,490,458,458,440,440,288,468,308,468,300,500,355,495,355,495,200,540,420,440,295,455,295,455,460,425,465,260,300,480,290,410,530,345,485,485,485,330,300,420,600,300,420,600,580,580,580,600,600,670,670,680,600,600,318,405,525,309,405,534,314,405,530,245,340,475,250,410,194,384,263,363,523,280,505,350,495,350,495,224,424,244,474,405,330,495,275,450,325,475,482,348,498,350,480,495,505,310,452,285,329,479,300,500,290,310,220,411,485,300,410,600,390,285,525,330,525,330,500,300,490,454,330,460,345,334,494,510,535,515,535,535,540,540,545,515,525,525,510,530,535,518,525,525,480,440,580,580,580,680,680,600,670,680,600,480,600,600,600,720,600,308,413,528,308,418,528,308,413,528,255,420,275,370,490,281,446,316,498,316,498,316,498,292,487,264,358,478,295,497,280,390,505,313,425,328,508,445,305,405,505,294,384,499,465,465,310,380,490,260,360,475,280,480,280,480,460,292,351,509,315,480,461,325,475,348,488,490,303,483,355,495,401,567,329,474,330,510,300,470,290,390,490,290,370,490,305,473,305,395,535,335,475,428,315,495,294,464,335,480,470,319,472,305,489,300,440,520,275,405,515,335,485,275,370,520,320,410,540,305,485,485,305,495,471,350,510,485,303,483,340,490,490,350,510,370,510,484,484,300,420,600,360,550,580,580,580,580,580,680,680,600,660,580,600,600,313,405,530,307,409,534,314,405,530,237,423,278,382,499,200,213,411,369,507,303,371,552,350,531,348,495,472,355,466,325,448,520,341,462,341,480,288,482,306,500,320,494,330,500,289,481,362,521,362,521,525,500,431,500,300,452,600,470,309,474,335,494,304,514,245,535,680,680,600
